#{"t_start": 1632853567.980307, "env_id": "OrderExecutionEnvironment-v0"}
r,l,t
0.023289,10,2171.035293
-0.02915,10,2174.672865
-0.074118,10,2178.317551
0.041489,10,2181.989832
