#{"t_start": 1632853567.9822717, "env_id": "OrderExecutionEnvironment-v0"}
r,l,t
0.023289,10,2171.798105
-0.02915,10,2175.468137
-0.074118,10,2179.109051
0.041489,10,2182.779976
