#{"t_start": 1632853567.9841216, "env_id": "OrderExecutionEnvironment-v0"}
r,l,t
0.023289,10,2172.421693
-0.02915,10,2176.080655
-0.074118,10,2179.735703
0.041489,10,2183.407668
