#{"t_start": 1632853567.9859598, "env_id": "OrderExecutionEnvironment-v0"}
r,l,t
0.023289,10,2173.210075
-0.02915,10,2176.853998
-0.074118,10,2180.366174
0.041489,10,2184.040489
