#{"t_start": 1632853567.987767, "env_id": "OrderExecutionEnvironment-v0"}
r,l,t
0.023289,10,2173.834615
-0.02915,10,2177.48944
-0.074118,10,2181.162083
0.041489,10,2184.83513
