#{"t_start": 1632856046.2801101, "env_id": "OrderExecutionEnvironment-v0"}
r,l,t
0.032115,2,855.568749
0.01886,3,858.507993
0.045125,4,864.424371
0.043663,5,869.782284
