#{"t_start": 1632856046.2820642, "env_id": "OrderExecutionEnvironment-v0"}
r,l,t
0.04709,4,856.712211
0.014162,2,860.35694
0.052218,4,865.522998
