#{"t_start": 1632856046.2840366, "env_id": "OrderExecutionEnvironment-v0"}
r,l,t
0.049673,5,859.038795
0.018557,3,863.184942
0.041386,3,866.797109
