#{"t_start": 1632856046.2859213, "env_id": "OrderExecutionEnvironment-v0"}
r,l,t
0.04709,4,857.24982
0.019657,4,863.695443
0.041386,3,867.33708
