#{"t_start": 1632856046.28776, "env_id": "OrderExecutionEnvironment-v0"}
r,l,t
0.04709,4,857.958516
0.017649,3,862.112241
0.035777,4,867.859226
