#{"t_start": 1632856046.2895849, "env_id": "OrderExecutionEnvironment-v0"}
r,l,t
0.039365,6,860.894382
0.023189,4,866.232722
0.049473,4,870.312118
