#{"t_start": 1632856046.2915745, "env_id": "OrderExecutionEnvironment-v0"}
r,l,t
0.052388,3,856.133998
0.018557,3,861.410329
0.041386,3,864.95726
0.032411,2,868.62735
-0.038806,3,871.041912
