#{"t_start": 1632856046.293402, "env_id": "OrderExecutionEnvironment-v0"}
r,l,t
0.049511,5,859.618045
0.020745,2,862.645965
0.040077,5,869.178953
